,'A2-A0CM-01A','A2-A0D0-01A','A2-A0D1-01A','A2-A0D2-01A','A2-A0EQ-01A','A2-A0EV-01A','A2-A0EX-01A','A2-A0EY-01A','A2-A0SW-01A','A2-A0SX-01A','A2-A0T1-01A','A2-A0T2-01A','A2-A0T3-01A','A2-A0T6-01A','A2-A0T7-01A','A2-A0YC-01A','A2-A0YD-01A','A2-A0YF-01A','A2-A0YG-01A','A2-A0YI-01A','A2-A0YL-01A','A7-A0CD-01A','A7-A0CE-01A','A7-A0CJ-01A','A7-A13F-01A','A8-A06N-01A','A8-A06Z-01A','A8-A076-01A','A8-A079-01A','A8-A09I-01A','AN-A04A-01A','AN-A0FK-01A','AN-A0FL-01A','AO-A03O-01A','AO-A0J6-01A','AO-A0J9-01A','AO-A0JE-01A','AO-A0JJ-01A','AO-A0JM-01A','AO-A126-01A','AO-A12B-01A','AO-A12D-01A','AO-A12E-01A','AR-A0TR-01A','AR-A0TT-01A','AR-A0TV-01A','AR-A0TX-01A','AR-A0TY-01A','AR-A0U4-01A','AR-A1AQ-01A','AR-A1AV-01A','AR-A1AW-01A','BH-A0AV-01A','BH-A0BV-01A','BH-A0BZ-01A','BH-A0C0-01A','BH-A0DD-01A','BH-A0DG-01A','BH-A0E0-01A','BH-A0E9-01A','BH-A18N-01A','BH-A18Q-01A','BH-A18R-01A','BH-A18U-01A','BH-A18V-01A','C8-A12L-01A','C8-A12P-01A','C8-A12Q-01A','C8-A12T-01A','C8-A12U-01A','C8-A12V-01A','C8-A12W-01A','C8-A12Z-01A','C8-A130-01A','C8-A131-01A','C8-A134-01A','C8-A135-01A','C8-A138-01A','D8-A13Y-01A','D8-A142-01A','E2-A10A-01A','E2-A150-01A','E2-A154-01A','E2-A159-01A','E2-A15A-01A'
GLCM.Ang..2nd.moment..quick.8.11..Layer.1..all.dir..,0.985655186,0.984619584,0.982520524,0.984262296,0.985471565,0.984064786,0.983795658,0.985118691,0.979864075,0.981784438,0.984842,0.98170403,0.97935796,0.979005244,0.980476882,0.992265645,0.986014469,0.985032785,0.992439547,0.98291256,0.982231902,0.981642853,0.99145662,0.981448219,0.985354197,0.981863325,1.008479141,0.986340781,0.983555275,0.987120531,0.992031896,0.987594965,0.979347347,0.987252169,0.985650096,0.981730217,0.98405467,0.980126975,0.984376858,0.981685471,0.99596694,0.990342114,0.99044704,0.987560303,0.97875023,0.980467374,0.981988773,0.97859392,0.983216635,0.981386983,0.989054142,0.983108668,0.978964082,0.983481714,0.984267518,0.985101575,0.983516072,0.981432008,0.979332631,0.980586108,0.988829316,0.985247926,0.986866455,0.983619408,0.983874325,0.991982205,0.995416694,0.996507614,0.994778832,0.995954,0.985927114,0.984769971,0.989566933,0.981463965,0.993855063,0.986671797,0.985688699,0.981408741,0.989099971,0.985100079,0.98710648,0.994333898,0.984533649,0.982017363,0.984430031
Ratio.Layer.3,0.291661695,1.076699234,0.353959256,0.026463875,0,0.542186377,0.005851428,0.111618822,0.067496429,0.603684239,0.269253013,0.626695656,0.425716487,0,0.118301006,0,0.00261476,0.305015658,0,0.102914801,0,0.058423024,0.401353333,0.103712968,0.025019486,0.448209358,0,0.199836488,0.252046449,0.691814917,0.458919195,0.61672873,1.053284672,0.80039234,0.833059522,0.143101902,0.323546798,0.353813494,0.006140258,0.346201062,1.014016483,0.131472922,0.013808742,1.079446313,0.836130646,1.02588763,0.612494612,0.413900343,1.004554278,0.707666298,0.71536232,0.23006353,0.613686479,0.115376755,0.160495639,0.013934404,0.750603677,0.279825981,1.056650638,0.138628044,0.376286392,0.421070589,0.350696378,0.655027327,0.583337129,0.282074622,0,0.110969157,0.232462868,0,0.591561034,0,0,0.335616179,0.005783626,1.041601465,0.008548369,0.26305136,0.703792106,0.062520252,0,0.418773721,0.091944359,1.009939509,0.090093954
HSI.Transformation.Hue.R.Layer.1.G.Layer.2.B.Layer.3.,0.006208976,0.0056356,0.006220644,0.006473838,0.006344865,0.006194552,0.006964512,0.006536636,0.006251031,0.005990946,0.006084954,0.006051102,0.006121504,0.006667947,0.006409248,0.006867541,0.006496184,0.006233217,0.006721135,0.006720581,0.006423303,0.006567747,0.006187404,0.006495321,0.006421865,0.006018661,0.006671032,0.006183691,0.006443533,0.005887064,0.006042238,0.006020975,0.005688013,0.005937221,0.006060919,0.006278233,0.006287519,0.006042738,0.006572869,0.005992014,0.00571814,0.006423007,0.006287008,0.005773177,0.005761436,0.005671442,0.005959391,0.006319675,0.005760971,0.005962193,0.005977031,0.006285811,0.006034117,0.006315468,0.006227569,0.006441016,0.005833501,0.006257456,0.005638802,0.006982734,0.006197904,0.0061407,0.006066658,0.005961317,0.005999686,0.006139577,0.006607184,0.006226327,0.006144757,0.006326245,0.006022399,0.006723183,0.006900526,0.00606095,0.006630845,0.005819297,0.006706499,0.006097675,0.006037441,0.006476362,0.006539232,0.006046133,0.006459362,0.005674895,0.006275873
GLCM.Correlation..quick.8.11..Layer.1..all.dir..,0.868693336,0.866334271,0.857447411,0.864547791,0.857850531,0.863047911,0.849996533,0.864195086,0.836252285,0.835656572,0.876664513,0.850188289,0.831716689,0.834449212,0.846125445,0.872914949,0.871182755,0.855992445,0.887044302,0.847079364,0.854240246,0.854212864,0.893878756,0.863798912,0.876881252,0.836299911,0.902724749,0.863202884,0.876963959,0.870950528,0.872761414,0.876271712,0.842605509,0.855002503,0.876550482,0.871663067,0.845841896,0.834852645,0.852690122,0.848946346,0.876312796,0.89553717,0.910619497,0.864195483,0.815711955,0.836312561,0.872203796,0.830305089,0.842705222,0.867114733,0.87792848,0.857521015,0.831047024,0.830677745,0.854933344,0.848270047,0.850116239,0.848957703,0.842211813,0.86953996,0.87613784,0.86984805,0.881351939,0.870406848,0.855816239,0.895823691,0.902124051,0.903625139,0.893505609,0.906443892,0.855852321,0.867596452,0.891118609,0.86384259,0.876037554,0.865642323,0.877764651,0.861993397,0.866717502,0.866772073,0.876438852,0.884571257,0.873861379,0.844083828,0.862366492
Asymmetry.of.sub.objects..mean..1.,7.220093493,12.21520868,0.048830792,164.1505855,16.17254503,114.6954476,395.0507901,0.075159617,0.924241875,179.1001905,3.343655612,16.83991936,10.10660443,0.096131663,0.062048603,7.205529979,0.115031514,0.057118083,0.061085938,0.114933054,33.62063944,174.7241501,40.27850502,23.26270853,15.79943476,0.089387694,97.0793689,283.5425401,6.435227342,1.395863592,95.45334247,12.13925246,13.52846043,8.428420485,1.986569094,3.855307289,19.05415971,0.05343518,8.786507934,0.050131432,11.60070446,2.970030166,0.056665086,3.154699784,2.310244416,0.019934595,90.40957547,0.087025724,1.590358353,13.89180968,318.47851,31.98720626,2.594538651,0.04737119,0.052529704,1.718012511,0.019490207,0.042981829,0.069791036,0.12298105,0.076152546,NaN,92.22390042,3.946372374,0.519521584,2.95490282,0.082674188,5.162892905,14.04058473,0.553592759,0.071635893,101.0308773,0.129579021,57.24081527,2.435853275,NaN,4.839215062,148.7965355,12.23609931,32.03807425,12.9228641,0.108502922,26.92884097,2.8909973,0.082117486
Rel..Border.to.Image.Border,0.025835165,0.020222419,0.016640553,0.021541002,0.02308446,0.017059235,0.015527484,0.016619178,0.01879732,0.023380279,0.020401449,0.016297177,0.017041588,0.014522923,0.017415933,0.020217545,0.016909135,0.023082795,0.019143492,0.016781566,0.017311758,0.018293415,0.028375572,0.017256837,0.018510175,0.014159824,0.022886792,0.020408037,0.022465684,0.017361392,0.019387074,0.023580011,0.011843844,0.018735832,0.026407745,0.021895333,0.016850019,0.017766011,0.022905376,0.018061104,0.024735838,0.020409773,0.020213034,0.023981067,0.015652532,0.020098029,0.018831692,0.012804639,0.019393725,0.016341321,0.022611652,0.024842392,0.015710434,0.02026974,0.019931743,0.023694968,0.020990441,0.017775537,0.016039669,0.011147842,0.018809951,0.01900407,0.021619266,0.018440202,0.018243942,0.022033941,0.019783202,0.021024969,0.020892848,0.028691995,0.020967628,0.018965663,0.016125655,0.015973783,0.022968878,0.024178398,0.015906949,0.016588754,0.023605085,0.019786277,0.032611682,0.017121548,0.017801819,0.019101402,0.01759317
GLCM.Entropy..quick.8.11..Layer.1..all.dir..,0.490477337,0.477291131,0.472228788,0.486527194,0.462974517,0.470832624,0.475116044,0.464434232,0.44349774,0.488253681,0.480595758,0.463678563,0.463632068,0.46028363,0.466848092,0.480344326,0.468488934,0.467949349,0.477594193,0.47260389,0.460934111,0.483350671,0.486557424,0.484501445,0.455965675,0.472604049,0.473116359,0.478928791,0.48305422,0.460257588,0.484038072,0.460107829,0.472546458,0.46627986,0.488823275,0.47332093,0.45676854,0.468598019,0.463907756,0.416641699,0.482187863,0.457415757,0.483346863,0.494141285,0.457880774,0.481077397,0.454262279,0.448850605,0.483930219,0.465542374,0.488810253,0.490645503,0.468977405,0.469454559,0.46205542,0.485875583,0.464045612,0.442350813,0.462816372,0.465195883,0.483612241,0.491671689,0.478490374,0.468200386,0.481278453,0.462889311,0.445889061,0.470608057,0.447428135,0.482548779,0.466525419,0.474798287,0.484362213,0.47949942,0.476707793,0.487139777,0.478914832,0.440291966,0.472572535,0.473916263,0.493012452,0.463566966,0.469705377,0.432508904,0.446096008
Ratio.to.scene.Layer.1,12.21198678,11.88330661,11.54687455,11.8308721,11.95894189,11.33298328,11.22260394,11.26939811,11.99910035,12.52638523,11.80732675,11.40884453,11.63512003,11.28584477,11.68906589,11.35850837,11.16145822,12.07573172,11.041433,11.26025541,11.25806232,11.43743639,11.88602655,11.45299223,11.43161134,11.14707732,10.93081836,11.54046438,11.83721311,11.40567956,11.15563012,11.93478193,11.12713997,11.29651352,12.61853342,12.23008245,11.16986609,11.71718538,12.24999283,12.0020668,11.66244667,11.43676525,11.3412673,12.00302327,11.60606641,12.28048676,11.74285741,11.79930893,11.62411461,11.27142038,11.53577379,12.2279016,11.63158227,11.60875446,11.64376949,11.98089271,11.98644684,11.68051569,11.67916071,10.95725709,11.2814274,11.40416902,11.52132638,11.85453551,11.34100136,11.50969877,11.08519971,11.20872472,11.15842778,11.77660308,11.61679067,11.25656083,10.94857011,11.26903146,11.49536013,12.11119701,11.11105528,11.58602545,11.80299617,11.57026654,12.91550457,11.01686129,11.35361424,11.92553044,11.49379103
Skewness.Layer.1,0.902496098,0.381997279,0.293920411,0.462534292,0.504455654,0.308911881,0.222441606,0.250719505,0.397018983,0.720363828,0.458282504,0.295674491,0.337620026,0.196919518,0.362322852,0.341257616,0.232275323,0.585422081,0.315995457,0.281019392,0.25862616,0.346251572,0.955657185,0.336015023,0.316329206,0.339669694,0.373460335,0.369769569,0.555623959,0.289081826,0.319174277,0.570223895,0.163784129,0.318429677,0.92345998,0.616196326,0.265990168,0.325095017,0.532596198,0.530370688,0.55513159,0.418076592,0.393000855,0.532759861,0.268575778,0.473994677,0.506903679,0.238824046,0.359383068,0.28906912,0.560239253,0.772213258,0.327899643,0.344143823,0.347803293,0.49730113,0.593836089,0.36378241,0.268100722,0.153707046,0.42916029,0.391678565,0.469345963,0.398374182,0.344383169,0.42300493,0.387431672,0.376986745,0.385133164,0.914886283,0.35172922,0.312986048,0.290601212,0.247266505,0.459320245,0.513430132,0.232051451,0.315662946,0.664639819,0.351934729,3.039755096,0.233522976,0.355772932,0.339994479,0.293403324
Rel..area.of.sub.objects.unclassified..1.,0.084107948,0.077821121,0.082696517,0.0833005,0.082982588,0.082395403,0.085413417,0.084171016,0.085614682,0.083551434,0.087981748,0.083453187,0.085173581,0.08715197,0.085315561,0.082463552,0.08457148,0.082817355,0.083314961,0.087694577,0.081947907,0.085143743,0.083833226,0.08493869,0.082759475,0.077864625,0.083135901,0.084035199,0.085814171,0.081853493,0.080388935,0.082921086,0.085699428,0.082276316,0.085457386,0.082390678,0.085421708,0.085552983,0.084295709,0.083669011,0.082328579,0.087113057,0.090455039,0.083714628,0.084154288,0.084902617,0.083926811,0.085100949,0.084204887,0.083624421,0.081089276,0.080467402,0.084122275,0.081725526,0.085422263,0.082211819,0.083460119,0.084893179,0.08308842,0.08533224,0.082354053,0.085210183,0.08458059,0.087750109,0.084898367,0.084887206,0.086802825,0.083299132,0.085089745,0.084138388,0.083364124,0.083420055,0.082852251,0.085146186,0.08290618,0.081159301,0.085481054,0.087634083,0.082517512,0.084297365,0.081749262,0.084108949,0.086484964,0.083957819,0.084528148
Rel..border.to.brighter.objects.Layer.2,0.902496098,0.381997279,0.293920411,0.462534292,0.504455654,0.308911881,0.222441606,0.250719505,0.397018983,0.720363828,0.458282504,0.295674491,0.337620026,0.196919518,0.362322852,0.341257616,0.232275323,0.585422081,0.315995457,0.281019392,0.25862616,0.346251572,0.955657185,0.336015023,0.316329206,0.339669694,0.373460335,0.369769569,0.555623959,0.289081826,0.319174277,0.570223895,0.163784129,0.318429677,0.92345998,0.616196326,0.265990168,0.325095017,0.532596198,0.530370688,0.55513159,0.418076592,0.393000855,0.532759861,0.268575778,0.473994677,0.506903679,0.238824046,0.359383068,0.28906912,0.560239253,0.772213258,0.327899643,0.344143823,0.347803293,0.49730113,0.593836089,0.36378241,0.268100722,0.153707046,0.42916029,0.391678565,0.469345963,0.398374182,0.344383169,0.42300493,0.387431672,0.376986745,0.385133164,0.914886283,0.35172922,0.312986048,0.290601212,0.247266505,0.459320245,0.513430132,0.232051451,0.315662946,0.664639819,0.351934729,3.039755096,0.233522976,0.355772932,0.339994479,0.293403324
Density.of.sub.objects..stddev..1.,11.70238274,11.28232352,11.46685431,11.52733911,11.99105339,11.02571544,12.04135318,11.31907927,12.04134282,12.09090821,11.84551952,10.97578469,11.33239172,11.86085144,11.84929728,12.11443881,11.30399492,11.81532899,11.11011187,11.3517564,11.08378709,11.21336609,11.3735817,11.35112683,11.56269224,10.92363757,11.21305465,11.45837773,11.2869325,11.10564713,11.10733163,11.60370904,10.78263177,11.00282059,12.1312901,11.92500651,10.91845057,11.46648935,12.9081672,11.67052538,11.1880599,11.4210214,11.26426359,11.48311897,11.15500846,11.57899628,11.34076807,11.56831203,10.9737965,10.79537165,11.1704771,11.7485499,11.46808477,11.37152857,11.6240311,11.85254592,11.38606109,11.63288873,11.21989783,10.99740384,11.12151175,11.27022821,11.30134573,11.46121058,11.14261609,11.41449566,11.34418391,11.14632059,11.05146568,11.71549629,11.34270632,11.04827533,11.43375372,11.15329654,11.98256494,11.56676829,11.1812565,11.58884021,11.39765176,11.38711373,12.92672786,11.05602627,11.35031762,11.4254773,11.654024
Rel..area.of.sub.objects.Dark..1.,0.013778124,0.017691883,0.022060174,0.017767692,0.018586564,0.020855068,0.023765612,0.023740761,0.018802678,0.015574927,0.018760064,0.022089321,0.021129781,0.023475284,0.021231446,0.02230988,0.023227334,0.017384037,0.022295345,0.023380863,0.021315227,0.020422824,0.012685851,0.021175883,0.022262512,0.023101048,0.022695956,0.019684435,0.016993594,0.02147578,0.022395775,0.017993509,0.024265254,0.022012032,0.012390508,0.016094348,0.022527242,0.020384574,0.017309965,0.020775589,0.016322845,0.021425738,0.021804016,0.015849581,0.020953139,0.018330197,0.019138251,0.022906042,0.019312452,0.019829687,0.017705584,0.013607191,0.021144888,0.020586767,0.020759787,0.016462934,0.018582245,0.02006775,0.021591554,0.025692419,0.021787132,0.020948022,0.018364707,0.022371958,0.019343422,0.02014444,0.022900669,0.021013863,0.020808124,0.014135381,0.020417231,0.019656722,0.025195869,0.022755733,0.01990816,0.016442165,0.023953444,0.022682101,0.017484764,0.018674213,0.007400057,0.024720409,0.02086382,0.01833829,0.022322494
Skewness.Layer.3,56.41693157,81.1276377,71.9301251,59.87410556,60.71703851,68.98048875,57.73207298,69.20010212,59.98691078,64.69559212,67.41238104,74.8414456,73.31644274,64.11991654,64.10167095,59.71378061,69.7269604,63.28969786,62.84993663,66.74013619,63.42590218,62.28651381,56.58529861,63.91147153,65.61141892,80.57095404,64.03116543,67.69216195,57.28724554,78.61905953,77.2599771,66.48317569,88.9675422,74.98873219,59.28783563,57.66105555,71.0888605,71.52171245,53.53589325,63.3660453,74.57329374,64.22307969,73.95754847,70.99257433,76.67320279,76.0652878,65.3114306,71.81004837,76.40346073,68.72155761,71.5231194,52.32027855,69.60272754,65.71601148,67.24450997,57.37973511,71.93613286,62.33581725,81.69112376,69.24776038,71.8970091,72.71024866,64.44822019,75.16295435,69.07739275,70.4130029,59.70713839,70.16572567,65.957486,53.66756686,70.9344426,55.00263732,64.40120453,78.76737849,60.07100986,71.19467142,69.97657178,69.25366523,66.36973772,61.77372006,34.54668931,78.26033645,59.94996051,70.07068822,66.26780807
Compactness..polygon.,70.9200137,89.83812925,87.60704227,80.07848471,84.13837005,81.69080299,88.57696536,90.05475517,86.13623384,79.24071757,82.22686602,87.18591149,91.39714789,92.90739191,87.06967609,89.19575969,91.18291483,82.91537458,85.92462987,91.6945954,84.68916784,82.12104069,68.7237205,82.7532242,88.11904187,89.39696027,85.09863511,81.67780243,75.87138509,90.25795853,86.41813697,81.99843351,94.55330446,84.31714568,71.38031859,79.48649627,88.81441027,88.18008882,83.69000458,87.88034783,81.02075899,84.82544093,89.49044899,76.64101799,88.66117073,84.41954097,79.14413996,93.82274699,80.22540906,78.2416226,78.68426089,68.99044546,81.50216502,84.40766349,87.0252939,77.18018615,84.74039123,83.32919572,92.93565908,95.5244838,83.89727361,83.83187255,75.79513993,88.70016301,78.02768049,86.71848968,83.26786163,85.50443492,82.13137539,72.48733355,85.18473665,79.20816755,89.34008749,91.65110205,83.49356779,79.24832933,92.59137015,89.82908101,77.69763147,80.95500778,58.35454893,91.31285757,78.29574945,86.56475827,87.9846308
Mean.Layer.3,63.16398817,91.04405695,81.93532476,67.06397852,73.87673185,76.40050652,67.84654981,79.64471448,76.44641065,74.58820342,77.58617607,84.07697561,84.89034156,77.15505211,76.24901554,69.93432659,79.28166145,74.34683313,69.35575502,75.83094966,72.85174463,68.92114035,62.92796396,70.83759156,77.54084613,88.23462596,71.63903534,75.82286574,63.16788838,89.4535587,83.88935259,78.68249281,96.03430738,84.43126908,68.16221139,69.04068263,80.90273704,82.80683929,68.75195828,83.01565475,82.03063081,75.69339672,81.51001957,77.27730617,88.34810493,85.77004625,76.72497836,84.82586259,82.34262683,75.96325343,77.63299533,58.74458418,79.36410794,75.47263192,79.49428992,65.54059072,82.63433477,76.2892834,93.64998877,77.6091283,78.13381277,78.88649603,72.01200116,86.51076415,75.67665512,81.63177891,70.51323821,78.60177809,76.60820475,61.23292031,81.55325431,61.23606493,71.91568606,87.20165524,70.72517975,79.31823095,77.25148123,85.58818799,74.95864789,70.06334037,41.54443548,88.28126803,67.79057745,87.10465772,80.85967233
StdDev..to.neighbor.pixels.Layer.2..3.,128.8165644,138.7157157,132.2597518,130.2737483,130.5499292,131.8879095,131.1116395,133.411506,130.1079749,130.045705,131.7930847,137.17928,136.548232,131.4064371,131.0064387,129.8693391,133.2359284,132.3361681,130.7304527,130.3130524,130.3974816,129.8539814,129.2101843,130.6744956,133.8048001,143.8555668,132.0808773,131.8558747,129.6819051,139.815833,134.200178,131.0856349,150.1358613,137.6340492,129.2718302,130.754425,134.5952667,133.1165292,131.1120849,135.3629986,133.8654285,132.221893,137.4173857,129.9257686,137.8562193,130.7917346,131.5478382,135.2234727,130.7876169,133.0171217,132.8413173,127.8667602,132.860595,130.2833073,131.9525982,128.9738001,135.3633962,130.6317535,139.0089314,135.0344904,133.9618955,132.3747276,131.3397336,139.1800766,131.562757,133.656922,131.0768726,134.1316355,133.6597364,130.0376308,134.2406979,128.2526906,133.9504503,136.9150199,131.1382475,132.4759479,134.4112956,134.29601,131.7818722,130.4671073,NaN,139.2705181,130.4824373,134.0464678,134.6224684
StdDev..to.neighbor.pixels.Layer.3..3.,1359.156319,1287.836495,1408.967338,1446.693065,1327.756981,1375.199851,1386.098405,1269.921127,1096.481894,1494.491701,1359.629496,1286.604439,1126.335891,1398.232985,1149.755989,1454.440762,1476.971111,1199.184572,1236.01764,1736.121986,1727.739832,1705.624946,1345.428533,1371.799812,1238.519456,1047.352596,1213.09151,1554.245636,1227.466642,1391.867101,1491.65317,1138.839376,1303.730084,1423.386198,1490.710755,862.7838971,1454.2133,1181.698399,1330.815409,959.1436469,1321.812396,1470.301021,931.7888003,1961.125719,1621.644237,1731.103766,975.5789083,1490.461828,2491.438724,1361.461832,1018.101406,1973.676321,1672.89772,1789.81598,1326.838911,2002.086796,1389.55581,1429.558565,1307.532269,918.2098559,972.9220377,1446.319845,1514.57215,1209.811036,1685.9305,1323.053129,1471.085756,1176.787929,1214.751687,960.1754518,1653.382229,1447.990263,1013.528417,994.8539655,1507.969437,1543.318314,1143.812238,964.7246421,1506.176216,1450.39829,1067.134477,1170.316628,1430.009261,1901.18357,1048.956798
Mean.of.outer.border.Layer.3,13.05217841,12.93340285,15.71708455,13.49375823,14.9590455,14.41456547,19.98985699,17.5259972,15.87458754,13.62026294,14.45418514,15.39806888,16.11912089,18.81375316,17.12886466,18.08807016,15.87145596,13.81244512,15.90058171,17.9370603,13.37089754,14.37458334,10.74180337,14.64954172,15.40635343,17.10880452,13.31378594,14.66419879,12.75494698,13.84113927,13.7866767,12.98719759,16.39066035,14.39037081,12.96088024,13.53872758,16.5835851,17.66798627,16.98854351,14.65181336,11.42982572,14.54421318,13.22026639,11.38386054,15.02871391,13.83022511,13.6578351,18.84788155,13.22950439,11.51522063,12.7776682,10.71804109,15.17463658,15.07578887,16.43184123,14.03152647,13.08154257,15.83768429,15.12147398,18.41985861,13.78489008,15.58809966,13.57341394,15.43370283,15.55618734,13.1929334,14.83567408,14.41785491,12.81546933,11.16434108,14.40871089,12.91995366,18.74864452,15.93231857,16.56634026,12.59260959,17.53605753,17.01708854,12.32373786,14.78950446,8.579914663,17.46430565,14.26236751,13.66140693,17.27089806
Direction.of.sub.objects..stddev..1.,70.6475,102.5240152,96.68896465,77.38186869,72.20975,102.33975,72.45557248,97.91814225,68.55797681,67.9125,78.90338254,109.3115152,93.66816919,79.57498485,77.32827587,73.12505319,95.85893939,79.071,93.23358586,89.04458763,88.81125,85.3675,76.77769738,85.218,88.12814142,123.4769953,95.86111111,86.59418434,79.87389899,114.46,107.7875,87.77362879,137.6783807,109.0644898,69.69,66.35577762,107.871995,86.05376207,58.68512352,93.02054482,105.520446,91.9308233,98.79580808,88.87545455,104.9522959,89.81072768,90.65375,104.5020846,106.06375,104.1504798,98.05977273,63.52925,93.47915818,85.18,84.4,69.82125,99.22394693,84.5730303,104.1032231,109.9910854,103.9303866,95.76366162,87.46,102.120691,94.1325,95.52420706,93.1095,103.034865,103.3901315,71.40632653,92.2992197,78.02125,88.20492424,103.354029,75.47107325,87.32747959,98.3605,91.04479348,93.67475,85.38375,40.24043815,116.5115853,85.95162879,94.5375,89.90535417
Mean.of.sub.objects..stddev.Layer.1..1.,66.75733297,134.4479114,114.5392192,78.02334255,91.12948093,101.3716907,86.11770328,108.0996608,101.1344066,92.63135104,102.6876263,123.7237413,123.444342,104.9404047,102.2248848,89.74075344,110.4097545,94.70028827,88.3489742,102.6434688,94.34794065,82.17411626,65.79368028,88.2035044,103.2001578,135.9898074,92.35864081,98.85360668,72.2523496,134.9418223,119.7645811,102.6169339,160.1359903,121.2530324,72.77742632,80.25730553,114.0815995,118.5323332,77.81137541,119.2530094,114.7644798,97.55197905,115.2662515,100.7446526,135.2945106,124.8047237,101.6999347,129.40316,116.7795822,103.6146271,102.5155259,60.76508649,107.048676,95.10190731,105.076985,71.89175147,117.8559333,99.72688282,146.132188,109.6041561,107.8927647,107.7875068,89.70801555,123.6994736,101.3380283,112.8744148,90.48076201,108.2904999,105.2109183,66.96886757,111.5244647,69.40485466,91.31768685,130.9740167,85.91142824,101.8755714,103.7844441,122.4062954,96.8280209,80.13588395,33.35027653,132.7726595,80.53707173,123.1346875,110.7716966
Min.10Per.Pixel.value.Layer.3,67.82310517,129.0117518,113.2223106,77.94033783,91.89916559,101.5711629,84.90930082,107.619543,98.1686436,91.88320539,101.406046,120.461708,120.0299389,104.4811418,101.5025226,88.62070136,111.1863035,92.95306916,88.6730953,101.1278244,93.37103391,80.08368758,66.92465792,87.90684217,101.914144,131.7295381,90.49128164,99.8487922,72.83631475,132.3971543,118.348788,100.7258067,157.6106297,117.4192373,73.568492,80.4043599,112.1640524,113.3033607,78.75564716,115.0873931,112.6823758,97.28197567,114.6261692,100.716502,128.8743022,117.3533333,101.5379632,121.937663,113.734096,104.2966211,101.7321212,62.05449188,106.0336719,93.8785761,105.3788822,71.98881548,115.2488404,99.88948473,142.5189843,110.5974541,105.7527568,107.9860018,90.00140355,120.6400679,102.57108,111.8837665,89.7543493,107.1473098,102.0911099,68.23969839,110.5397191,69.00449848,90.42632133,130.4455773,86.58081856,99.70494346,103.3437042,119.2902645,94.43594892,81.30076926,35.64767426,131.6725718,80.60692838,123.7084825,109.6002053
Mean.Diff..to.neighbors..abs..Layer.2..0.,0.902496098,0.381997279,0.293920411,0.462534292,0.504455654,0.308911881,0.222441606,0.250719505,0.397018983,0.720363828,0.458282504,0.295674491,0.337620026,0.196919518,0.362322852,0.341257616,0.232275323,0.585422081,0.315995457,0.281019392,0.25862616,0.346251572,0.955657185,0.336015023,0.316329206,0.339669694,0.373460335,0.369769569,0.555623959,0.289081826,0.319174277,0.570223895,0.163784129,0.318429677,0.92345998,0.616196326,0.265990168,0.325095017,0.532596198,0.530370688,0.55513159,0.418076592,0.393000855,0.532759861,0.268575778,0.473994677,0.506903679,0.238824046,0.359383068,0.28906912,0.560239253,0.772213258,0.327899643,0.344143823,0.347803293,0.49730113,0.593836089,0.36378241,0.268100722,0.153707046,0.42916029,0.391678565,0.469345963,0.398374182,0.344383169,0.42300493,0.387431672,0.376986745,0.385133164,0.914886283,0.35172922,0.312986048,0.290601212,0.247266505,0.459320245,0.513430132,0.232051451,0.315662946,0.664639819,0.351934729,3.039755096,0.233522976,0.355772932,0.339994479,0.293403324
Circular.Mean.Layer.1..R1..User..3..R2..Same...R1...border.,57.172,73.84805689,90.04454292,68.16974748,66.55925,90.44775,96.14352261,97.46428824,58.63558677,52.4575,73.66958893,90.71798958,77.57965278,81.86917172,79.17946171,98.02946809,96.57318435,72.0105,104.5289318,95.32559278,81.235,76.6425,65.01573335,81.1375,86.53864647,120.4827114,116.2080253,78.06986111,62.91876263,97.16163265,101.9475,71.21031818,110.8106921,92.25081632,54.5525,55.14176156,93.57161869,67.44048349,59.40024168,82.94106822,84.83995363,89.11593138,95.10979041,67.79406061,79.71691837,60.4310838,73.4715,103.9514265,74.435,81.48596465,82.92388889,52.855,83.19643878,70.7365,73.31275,59.47075,77.24837707,75.89707071,75.68458954,128.6880179,103.5185036,88.42268687,75.97925,85.64556678,81.4314899,85.92727679,105.44,100.6994406,97.78793815,70.98903061,73.98800505,79.031,119.1488384,87.99387602,87.01640709,64.54117347,104.09475,82.84956933,80.40825,75.3675,44.94046392,117.5413601,87.28267677,69.6855,87.37608333
Area.of.sub.objects.Nucleus..1...Pxl.,2380.063934,1045.027767,1325.693554,1453.64639,1279.425244,921.4857658,1112.927362,1290.369505,1290.591806,1657.32821,2067.579175,1179.734761,1743.484821,964.3373011,1912.618526,2171.353261,839.1576233,1972.093516,1717.158435,888.4283409,705.9990158,1352.186257,2840.234887,1051.196828,2046.247124,1070.76487,1674.633762,1193.461327,1766.916353,1044.135429,1613.196533,2607.964507,417.4730625,701.9137848,1419.204484,2571.598851,640.510183,1053.441927,2259.088402,2273.031329,1638.545672,2749.139384,2021.792246,726.9412685,582.0021769,1241.044465,2137.087803,730.9039845,631.0688745,472.0465228,2325.813102,1642.535908,795.3798559,947.8643885,1476.309707,981.4395629,1860.993571,1566.079423,737.69448,763.5227995,1494.638931,1553.9729,1724.431052,1452.058604,744.1839961,2104.398791,2621.173179,2298.201222,1741.264419,3481.077929,786.8323432,979.9591505,2665.1354,1189.196773,2485.484943,959.3660244,1290.063789,1738.822237,1843.175715,1246.03153,7576.572164,1322.825449,1594.719218,862.9808282,1289.652453
Min.10Per.Pixel.value.Layer.1,171.5369903,251.0573302,224.7686039,183.5002744,192.1804119,215.8163431,179.7684314,218.7727068,195.5672683,197.2582289,207.4464472,236.6226016,231.6046422,203.8290458,202.0646863,184.5118229,218.906662,198.6725369,194.8319728,208.355917,201.4397132,191.7316427,173.2403546,196.5641516,208.8317614,250.9038427,199.8780124,208.9789098,176.1659436,249.6443078,236.9520867,210.7315596,277.511417,236.6556159,180.3633375,180.1947744,226.9519001,224.0930121,169.3294758,217.0047879,229.4327254,205.0191346,227.1459962,214.4551677,244.7536324,234.1926129,208.8271884,232.2571959,234.3577144,216.8862566,217.9260724,159.3015656,217.9423676,205.8675346,212.7227438,175.9247703,226.7606383,203.3996232,257.926892,219.0521747,220.7341898,220.9537042,199.6948353,236.0821434,212.8709861,222.5557626,193.7431806,219.6918821,213.4591058,165.1799263,223.2583866,171.2419972,198.0289115,243.3861837,186.7142823,217.013259,216.3311851,226.8216786,206.8637527,192.4764514,104.6825959,247.2628281,187.7250865,231.8913163,215.2891428
Area.of.sub.objects..stddev..1...Pxl.,52644.9275,64833.71314,105714.7096,70503.69038,63773.2275,80359.1025,86923.82955,95715.10884,56957.51059,54460.6825,72531.12518,87863.89669,75890.79731,98788.10604,82678.3036,97014.7315,104683.538,60573.455,87312.68695,99294.86438,93855.4325,106515.7425,50907.21662,90798.7375,95986.67178,92131.61512,74191.54104,68645.66467,64256.95273,86174.83648,86940.945,73860.56571,83075.61731,61768.03674,46902.7925,62426.52289,74435.27078,70312.01903,71649.89541,62912.86617,56057.95855,104600.1825,97566.25443,57384.03788,70925.27066,73788.20064,76595.3575,104351.4228,90478.9775,64105.12417,69095.99344,59566.2325,77166.79833,67289.5975,70201.21,67475.0225,76476.21802,88389.84937,80283.26092,95682.43746,76359.89046,91770.2193,81920.0225,87749.9106,75289.86702,86750.30983,104545.1775,83996.24498,68913.57884,47604.81311,67458.27071,78544.95,109090.3806,82273.53328,78205.47703,53189.66689,95384.7275,84454.3904,75272.975,83812.905,31877.58778,88687.81615,92421.37725,74895.11,64807.05261
Contrast.to.neighbor.pixels.Layer.3..3.,453.57,489.0758971,587.0044445,504.4842172,468.815,490.73,589.7088233,545.6816409,460.1295468,503.11,536.117513,585.3101136,538.2939615,589.0579293,512.012455,574.6400532,546.7259596,537.1575,509.0240404,594.2972938,555.9325,723.9875,477.7552484,511.115,620.2072727,512.2612681,452.8743687,502.4517424,483.3402778,592.1517347,525.235,538.3267172,459.3682005,479.0437245,473.505,437.2817284,523.2941162,480.348821,524.7362245,505.7217976,470.859178,592.2417413,574.1886869,478.9753283,510.8092857,573.875687,531.52,577.0433224,623.86,412.4440152,493.5543687,552.8125,574.3171939,554.395,466.3625,515.625,500.8905522,537.5860606,480.1802313,468.4266524,445.0998563,537.1395455,585.265,507.8463376,505.2296465,545.9725999,605.4125,536.8728611,507.1134536,441.2868878,484.9849495,483.12,577.5717677,464.3747097,600.1669482,471.575051,550.0025,492.9852943,597.7125,482.8825,539.359665,496.7460575,631.5243687,574.9675,519.5425
Area..including.inner.polygons...Pxl.,532.5225,446.830824,550.7284091,490.5920455,503.1725,518,420.444193,518.7875138,451.6178469,437.0475,475.1271348,473.5309533,455.1435827,500.6911364,515.3544681,487.5467021,561.7833081,424.2375,505.0978535,483.2980155,539.4175,475.78,523.8530684,553.795,493.3637121,498.5435865,472.1233333,441.614495,496.6624495,452.962551,492.8075,517.3164394,480.6930601,407.0725,503.0425,558.0302726,459.2500758,463.657254,508.7859023,453.5708501,451.6152792,573.7563441,505.3487374,476.2895455,443.0119898,454.5935838,524.2825,528.4190761,499.5275,541.7408586,496.8388131,491.1025,438.472398,398.56,500.74,504.11,548.5444934,574.0883586,520.1997138,535.1557176,514.0056748,524.1956566,516.025,529.0621673,490.4405051,537.8799065,554.1175,485.8122678,460.3461856,472.927551,470.7987879,536.985,514.1375505,510.7077388,423.1928485,429.5562755,467.0275,563.051209,492.7125,590.56,496.3876289,500.7657957,472.4994192,520.36,397.0186458
Length..µm.,60.41972883,75.9137146,76.16010645,69.60571065,68.30258317,71.85432675,79.32997288,78.33047688,66.67020376,65.9009916,70.86416129,74.66263167,76.22718754,78.92897918,73.53905852,80.12792477,80.3791685,68.61153612,77.92995334,80.72754797,72.09581656,72.56951204,59.50223451,73.55628873,74.02616446,80.34517731,77.2807397,71.74636556,65.33765936,77.18052203,78.79857348,66.60045693,84.91277619,72.84871121,59.48699943,64.58049919,75.53718725,74.00169741,66.85527019,65.689202,70.84050236,71.54741432,80.37977181,67.37351194,73.55987159,70.45710518,64.68231446,78.17108962,70.52942151,67.67082279,70.52803132,58.81674069,70.1199172,71.20552118,72.33626123,65.96846939,70.30593634,66.68803415,77.37650684,85.76806608,76.17679587,76.00100479,66.47882959,74.77001611,69.87645599,73.62719631,71.21756358,75.90475996,69.54360409,62.9619624,71.70658114,69.77026886,83.0002885,81.32165695,73.22054082,67.86522507,83.69100973,71.85976441,66.25757591,69.74622428,48.03905555,80.82357966,68.79653791,66.1685535,72.32701876
Width..µm.,33.86289767,64.53291148,54.83266809,39.00311423,42.94330656,48.41524485,41.47146865,51.26281014,44.85436066,46.37222636,49.92671811,57.1732371,57.80294289,49.33829737,47.80004944,43.51500717,52.96075343,45.48881129,43.01441431,48.91655152,44.57772079,40.46750398,32.71556478,43.42417628,48.55755166,63.72000906,43.74162253,48.35876318,35.64516011,62.95086388,58.80793553,47.88191757,74.94583976,56.06702178,36.96965377,38.47411616,52.89526807,54.17068013,37.02537336,47.82186888,55.10724763,45.58350676,56.35557166,50.76617496,61.89936699,59.29359819,46.70593474,56.89158876,57.30496466,48.70690242,50.86633561,30.9467994,51.01452114,45.49092615,49.76578881,35.88126899,54.69525608,44.81463682,67.08204846,51.59239771,52.33876672,53.33969624,43.86458585,57.65453336,49.6744526,53.21170131,41.43498029,51.21124263,47.62727591,33.18018153,52.87111518,33.52952074,45.57845394,63.64750689,41.2777237,50.8204755,51.27856515,53.69078936,46.01298754,39.19412718,17.25964345,62.40710048,39.3290716,54.7294323,50.25300434
Mean.Layer.1,69.52380666,88.22636776,86.95623771,78.93721165,82.21237449,80.41425214,88.2589933,89.04114942,83.16897472,78.41841634,81.30256195,85.53615539,89.66004723,91.78218193,85.48216403,88.15398369,90.5977413,81.28743804,85.09164828,91.08574924,83.38239213,81.47819085,67.21636498,82.289924,86.37931699,88.30183346,84.47019205,81.02121569,75.00217239,88.81343728,86.08181264,79.68175514,93.87277303,83.38336125,69.90271903,77.0729332,87.50045045,85.84180898,80.78680363,81.26596684,78.94990636,82.59694285,88.60969725,76.00142588,87.58121262,83.30415088,76.63505842,91.95569439,79.62380332,77.27471016,77.86024801,68.20779136,80.51048995,83.30977984,85.34805591,76.49115057,82.51474859,81.29819538,90.32546892,94.9196684,83.1273365,83.46713324,74.82788339,86.34293197,77.64209173,84.91814656,81.81308364,83.95573021,80.49009899,70.72493062,83.92351647,78.42994949,88.37051799,91.11390813,81.86766111,77.91179215,92.05783201,86.93199928,76.24063388,79.75498872,56.12734173,90.14869931,76.90234969,83.40833129,85.93552994
Mean.Layer.2,44.69854998,81.21326055,68.8938988,49.58049941,59.96274714,58.85235476,53.34061059,64.55678272,62.35440425,61.77569881,64.59419087,69.07625763,73.13624455,64.96399542,62.48605593,55.49042539,65.83495351,60.44363932,51.63648152,60.87499323,55.98876437,50.06709965,42.41290117,53.83690809,63.33216284,74.27106906,54.2997153,60.98034821,44.59534597,77.57430202,70.65926073,63.79839466,85.28072378,69.93542567,51.73225854,51.32273573,65.40831287,67.72135573,54.15521476,64.14638963,66.79190235,58.88236159,68.25582429,63.36171038,77.22936742,74.95987372,59.94299394,71.24588176,67.84872177,57.85229845,61.40854417,40.09831071,64.37431539,59.36786323,66.36845489,48.13754932,68.88362317,61.08064822,82.73784231,61.19801944,61.97868251,64.36874922,54.86729088,72.22420795,59.6101776,68.52197796,54.02484,62.50504335,60.27027851,43.17725613,68.47794601,40.76232026,54.78888329,76.50929396,54.43537884,65.155696,61.50937206,71.98520714,58.41596136,50.30044713,25.19825554,75.77251618,48.84602149,75.07234963,66.71882064
Standard.deviation.Layer.1,61.77541232,89.80098859,80.75802631,65.48087911,71.96805335,75.30979953,66.167934,78.07501977,73.37961596,73.93258688,76.36458466,82.69204688,83.56522347,75.50248246,74.05247767,67.64313826,78.15207276,72.76355853,68.18222045,74.85438197,71.64294703,67.78677807,61.32892033,69.87891553,75.6976817,87.30348484,70.70986651,75.18339956,62.09889843,88.23176334,83.5618131,76.83262751,95.58897486,83.60656327,66.65712464,66.29124093,79.89261306,80.43892966,65.17603683,76.62846877,80.22361665,73.25593325,80.49196219,76.74131078,87.60059377,85.07841737,74.87119484,82.75938968,81.95954325,75.25522659,76.68405286,57.68743275,78.33332813,74.47456943,77.96146562,64.45192808,80.9511078,74.56649972,91.57611948,76.16010454,77.29434298,78.44949851,70.84905465,84.27358447,74.97660504,79.85394427,68.88624046,76.85473132,75.18937182,59.32480991,80.47523051,60.26689731,70.03905305,86.48752476,67.9225996,78.06574821,76.27153087,82.79318222,73.84560521,68.77155157,39.44076562,86.8020852,66.20033975,84.68488631,78.39362474
Standard.deviation.Layer.2,15.42002172,13.08916923,13.34320313,14.19540109,14.84187732,12.84309176,14.24104716,13.18271571,14.222602,14.64362293,14.19209841,12.34629825,12.9231922,13.70298435,13.924354,14.4140773,13.03462814,14.41304302,12.98999863,13.05792578,12.7528219,13.41328822,14.75991438,13.51529343,13.85633753,12.25148744,13.5252927,13.57564785,13.91956235,12.52522733,12.76554124,13.99665536,11.59117499,12.74623074,16.33553063,14.61419355,12.45388609,13.14036623,16.68705649,13.66213449,13.25970192,13.69156584,13.11645508,13.82221951,12.39577595,13.42954121,13.28156944,12.94777132,12.50021349,12.03547244,13.25469919,14.73685986,13.54317734,13.70745757,13.84986789,15.14922582,13.50752528,13.88989145,12.54726873,12.2648107,12.84908931,13.11458022,13.62718709,13.32332441,12.82557699,13.5542734,13.78311217,13.03308032,12.94746759,15.05562853,13.41580775,12.73088125,13.5341168,12.50636073,15.06439606,14.13884597,12.83752935,13.4511937,13.8550231,14.09113837,19.18725072,12.5164733,13.5551935,13.39493511,13.72912731
Standard.deviation.Layer.3,0.921187166,0.024536569,0.78740308,1.216446392,1.195647098,0.611998757,1.344422621,1.076739682,1.109822486,0.548468337,0.877220104,0.49560112,0.697380946,1.235596368,1.081117106,1.323976351,1.190039467,0.870510883,1.274074922,1.133511214,1.201893598,1.184620506,0.810676193,1.120403254,1.167260534,0.672487634,1.254379818,0.953921362,1.004591521,0.406184828,0.657232298,0.522007924,0.021362876,0.314040224,0.355679987,1.075469066,0.829755805,0.774217168,1.283474235,0.793238354,0.110939464,1.061650752,1.133736197,0.049263386,0.255714717,0.089712697,0.526561026,0.744989453,0.12388808,0.42789765,0.428658454,1.027609963,0.527319582,1.060907149,0.989426124,1.233864931,0.369590547,0.884863023,0.0306312,1.12169798,0.774242911,0.731066929,0.804874876,0.456039934,0.569593187,0.849127149,1.245551883,1.046696105,0.917073583,1.267907926,0.530306885,1.325067135,1.301715863,0.767653771,1.269862571,0.096296758,1.2248714,0.854339942,0.455339684,1.170567186,1.459302471,0.68974573,1.143237375,0.094583152,1.069757619
Skewness.Layer.2,0,0,0,0,0,0,0,0,0,0,0,0,0,0,0,0,0,0,0,0,0,0,0,0,0,0,0,0,0,0,0,0,0,0,0,0,0,0,0,0,0,0,0,0,0,0,0,0,0,0,0,0,0,0,0,0,0,0,0,0,0,0,0,0,0,0,0,0,0,0,0,0,0,0,0,0,0,0,0,0,0,0,0,0,0
Ratio.Layer.1,25.118,47.90025917,49.4235101,30.63388889,29.064,49.79225,36.11463085,49.32115407,28.82240657,27.41625,36.35508851,57.77003157,46.66655303,38.12580808,36.40717938,37.52292553,49.40389394,36.21125,47.63707071,44.77742268,40.5485,36.2,27.59550196,38.415,42.40164142,75.29921952,48.62222475,39.47033586,31.03578283,64.08729592,57.16675,38.9305303,86.99096953,54.35591837,23.995,25.65926612,56.2977399,39.040855,23.94248121,49.21251831,54.15473153,44.35550219,52.05863384,39.80853535,56.6094898,41.77441095,42.4475,59.89114152,54.495,52.63356061,47.74656566,22.6635,45.96321429,34.0625,36.29,24.63325,48.66520228,38.08295455,52.67474497,64.09807958,56.54807737,48.30479798,39.665,53.28589227,47.21165152,47.23781356,47.0825,53.89086721,53.40131443,29.76433674,41.65384091,31.04025,47.6575,57.48569325,33.21717324,37.29612245,50.6045,44.44868153,44.385,34.589,11.69404639,68.41550711,40.17194445,43.604,45.2325
Ratio.Layer.2,186.73175,233.7505569,223.0672222,205.3826515,219.8175,205.47,216.8194396,223.7428861,220.6490593,211.31475,214.7166081,218.353781,228.8048864,228.5152525,218.6728962,220.7053458,227.0421465,218.77,211.2975,225.4499227,212.40775,205.9475,181.6354991,207.8105,222.8080808,217.4221575,210.3990429,211.6194192,195.1439394,231.500051,219.98,214.1475,230.5264298,219.2987245,195.84825,203.5094265,221.3266162,218.9100976,218.5545838,216.776283,212.1205002,213.1020494,223.3423232,210.4019445,227.1337245,223.787114,200.505,228.9534915,211.8975,197.1784722,202.6584293,183.0695,208.758,218.3225,224.515,203.96,216.2258406,213.1914142,232.1595851,224.7470857,207.9670947,210.9996465,194.07775,225.8584784,199.1066667,224.7739116,209.99,215.4765965,210.2853351,189.8182143,224.7648157,198.415,212.9964647,228.1725,211.6822986,217.0367347,224.584,225.5329249,202.19725,208.435,156.3287088,229.6923444,193.8453788,233.05,223.64025
Min.10Per.Pixel.value.Layer.2,124.4835,229.366236,205.2644192,139.7058586,180.8165,165.04575,154.8221526,189.3542016,186.8215741,181.7525,188.13012,190.6268649,209.220524,197.6402096,183.8197886,160.5016862,191.9277525,181.66875,143.9632576,174.6980954,157.71975,141.977,120.8797166,151.732,188.3678611,202.4604142,155.2023965,177.0445025,123.3031061,223.5430612,204.665,193.9555303,223.0310583,205.0816837,153.87125,145.7379327,185.7402096,190.915135,162.8107573,189.4445842,193.8487622,173.5908362,195.9575808,189.5742096,217.3758572,215.8668399,171.115,202.8703936,192.895,156.4705101,175.4954268,111.624,186.8849388,172.1225,202.963,137.32025,194.0159919,184.9034015,226.5701431,168.3057293,171.7150374,182.7704495,156.73075,209.7955187,168.6976339,207.8545872,162.1325,183.1090399,177.7246856,124.5165867,207.5962727,110.1775,151.5040328,215.7946892,157.6169998,199.3001429,171.47975,210.5072063,169.2015,141.67375,67.09315464,218.8775613,137.6734975,227.2275,200.3680938
Max.90Per.Pixel.value.Layer.1,163.8975,233.7512131,218.8581061,172.8216212,201.2225,193.25,182.2223888,208.9512291,205.4315773,203.7245,207.2629413,210.2953693,220.8336474,212.8281263,203.2219307,185.8865426,209.0840657,201.858,177.1433081,199.8981443,186.28,177.8375,162.1247872,183.54,206.7869192,219.4347639,185.9541162,201.454495,161.7228308,231.297,220.1425,212.3688535,231.3493835,219.9955102,185.8935,177.9616849,207.0789142,210.6400032,187.8226773,208.4837551,211.0791818,196.80279,211.5219571,209.382096,226.6852551,225.5960421,197.24775,216.9948671,212.28725,187.5544015,201.1891414,153.68375,209.2660714,198.57375,216.64575,174.029,211.0494218,206.3941035,232.7561418,194.039016,198.4483045,205.5170455,186.54725,222.2837339,195.1636869,219.0349043,188.875,203.7951523,200.1446108,160.5849286,219.7200253,152.8965,182.2088586,225.2676431,185.9587649,215.234898,196.74475,222.9908107,197.02225,180.3725,106.4371134,227.8764172,173.4011364,232.65475,215.9636667
Max.90Per.Pixel.value.Layer.2,0.000978943,0.000597548,0.000446795,0.000641815,0.000710711,0.000599686,0.000462335,0.000422626,0.000640884,0.000939388,0.000549291,0.000456621,0.00046,0.000405918,0.000480136,0.000431467,0.000444635,0.000663441,0.000464802,0.000538802,0.000538146,0.000465629,0.00096488,0.000513087,0.000349581,0.000503555,0.000545221,0.000644649,0.000689986,0.000463435,0.000528974,0.000497205,0.000536073,0.000713844,0.001213175,0.000528086,0.000603985,0.000564822,0.000581033,0.00049568,0.000770436,0.000426382,0.00032621,0.001083532,0.000696344,0.000763632,0.00047071,0.000607116,0.000828691,0.000801231,0.000549988,0.001069124,0.00066022,0.000685673,0.00061914,0.00091776,0.000702142,0.000564839,0.000561647,0.000364332,0.000543689,0.00055233,0.000584293,0.00050464,0.000748702,0.000462454,0.000409824,0.000407655,0.00054531,0.000700199,0.000772043,0.000592946,0.000263716,0.000407572,0.000502951,0.000875719,0.000389568,0.000412552,0.000740899,0.000625954,0.001498511,0.000409339,0.000456838,0.00072333,0.000471185
Max.90Per.Pixel.value.Layer.3,0.00088107,0.000558507,0.000396902,0.000585946,0.000646096,0.000537776,0.000396456,0.000368488,0.000561385,0.000832383,0.000488029,0.000399621,0.000400412,0.000347284,0.000413517,0.000375654,0.000402069,0.000597526,0.000405098,0.000471217,0.000496986,0.000413798,0.000880159,0.000465277,0.000313625,0.000422174,0.000487356,0.000576505,0.000604848,0.000420057,0.000471002,0.000449083,0.000462073,0.000631577,0.001106834,0.000478411,0.000541917,0.000491302,0.000524626,0.000436052,0.000704941,0.000388012,0.000296052,0.001007015,0.000615265,0.00066612,0.000418422,0.000521145,0.000737676,0.000736531,0.00048542,0.000978842,0.000590661,0.000603593,0.000535713,0.000832733,0.000634237,0.000492229,0.00050124,0.000311756,0.000482355,0.000488599,0.000536253,0.000443834,0.000663302,0.000425558,0.000365536,0.000370131,0.00048445,0.000627475,0.000707247,0.000529994,0.000237746,0.000357941,0.000445962,0.00080799,0.000342302,0.000358471,0.000669214,0.000563674,0.001292819,0.000365989,0.000415653,0.000649964,0.00040853
Nuclei_Density,0.318847515,0.248299233,0.327312706,0.31818497,0.29782879,0.320354225,0.419652787,0.342930882,0.277025703,0.252817428,0.306178811,0.254420526,0.229934756,0.357202051,0.318352218,0.356839342,0.325267761,0.279515845,0.359737059,0.307131045,0.284412985,0.322300956,0.348246725,0.317124647,0.324749505,0.276262921,0.378208937,0.321497624,0.336627621,0.266181418,0.283597946,0.262498822,0.231794032,0.309800547,0.346672647,0.266889775,0.284770679,0.286804943,0.368136346,0.305501543,0.317702278,0.329786055,0.239547861,0.329047123,0.240735269,0.250445758,0.280166449,0.302015159,0.299174738,0.285373681,0.296089751,0.291186002,0.354348703,0.29777828,0.27908315,0.330968561,0.23216362,0.322172991,0.23278129,0.394028919,0.280218035,0.301287774,0.329130655,0.287149183,0.349616518,0.281633455,0.392981243,0.333168767,0.339195731,0.338786581,0.297450559,0.281220213,0.350726387,0.285653269,0.362431071,0.314430222,0.310705984,0.296042498,0.291458838,0.363605031,0.307640344,0.316593964,0.369328633,0.292544104,0.32887955
Fibroblast_Nuclei_Density,0.302668903,0.221978464,0.184605326,0.242740782,0.260612696,0.187414717,0.159483838,0.174505183,0.226003473,0.286194474,0.230323095,0.179169285,0.193759598,0.151052764,0.201769688,0.217014192,0.173807934,0.266623291,0.207363519,0.185242881,0.179484385,0.202947604,0.32706146,0.192290406,0.201753836,0.163665361,0.263441773,0.222891172,0.261512375,0.189618727,0.207044708,0.27347799,0.124195569,0.199178165,0.315768791,0.26848305,0.175404044,0.204385354,0.262520255,0.217113879,0.273532669,0.230847749,0.23308904,0.266156984,0.172688439,0.237472611,0.222165804,0.151085376,0.209324211,0.175627584,0.25543154,0.293977617,0.175817339,0.216073532,0.215306592,0.263306448,0.242632996,0.203143058,0.17686789,0.1172621,0.222373563,0.21121883,0.239612162,0.217775781,0.19469833,0.245453789,0.228016519,0.238640232,0.232427871,0.336408645,0.223103883,0.202206671,0.175420837,0.170364618,0.250542393,0.270153306,0.164996536,0.187187526,0.274907583,0.210149975,0.4215409,0.179088593,0.195391163,0.202591892,0.189143519
Fraction_Fiber,37.79135851,35.94856457,35.70821188,37.64742404,37.87216716,34.40816299,34.87463547,35.91950512,37.71032672,37.06359326,38.56051286,36.59765059,37.11937016,35.83497797,38.42634278,37.60521975,34.97346878,38.06888499,35.10499663,33.5065889,35.27077712,39.26550993,40.5399609,35.15467027,41.16931524,NaN,35.36296185,35.57099848,37.82543234,37.48496622,33.86699798,45.11509611,27.37265848,31.03731401,38.35364379,44.45047296,32.13608107,36.74587927,40.72223655,44.92130925,37.85966401,41.47365269,43.71431784,33.84433715,30.0839125,34.4511075,43.83871745,31.15971806,31.15999891,29.61976842,42.04971721,37.21626654,33.09456966,34.98509074,35.70696362,35.80661112,36.8009413,37.51999892,32.27836946,31.18642779,NaN,34.21240809,39.68792987,35.94461694,31.98280324,41.06420982,39.78719948,40.83166149,36.47101707,NaN,32.27872679,35.64666696,39.125013,36.48064483,40.56779094,35.68324287,35.88386699,39.70821311,40.04713008,36.6871007,45.50109337,35.27009566,38.15107141,36.12657599,35.98910034
Fraction_Nuclei,-6.652089481,2.368453747,-6.110441245,-2.677479804,0.436270199,-6.640256517,-1.300497898,6.337199822,21.35563519,1.440174088,-1.861685191,8.068508528,2.64401771,1.683685215,0.77954154,0.501000704,-6.322381876,14.90330327,8.261738766,10.1163039,-9.035457991,-1.622239067,-1.49748651,4.672250872,18.91777766,7.785012059,-4.910008507,-3.30299672,1.639839538,-7.351866341,-0.273406267,0.716706095,-3.145158148,12.72559736,-4.047174911,1.70119966,-5.33587336,2.360200961,-17.37510865,6.317592245,2.423736742,-0.108522933,-12.65523834,1.605063131,-11.99387056,-4.434904069,18.14683853,11.63613823,9.917872887,-2.108187214,0.045908053,-10.47701217,-1.605758868,-9.383912767,10.92942326,7.527390328,-7.389955726,-5.35529503,13.85871546,14.48055402,-2.316273375,-1.752528608,-11.31687614,2.182098836,6.203283496,9.549257581,-6.926559327,5.27892419,6.70793342,11.26606671,11.18308448,6.371166907,0.337438867,1.000032534,-2.705340668,-2.655275671,-12.66243084,-0.002200322,-11.28486855,-1.243582062,15.57955874,5.600392408,2.400210438,-5.628446731,-22.33937089
Mean_Distance_Fibroblast_Neigbour_Epi,0.676121239,0.573271983,0.646031805,0.608503646,0.52554583,0.53115248,0.517647628,0.482461722,0.646889038,0.717305045,0.79432944,0.550368234,0.554885144,0.533412862,0.554515819,0.463642229,0.502869474,0.652332227,0.539304437,0.560083209,0.498844135,0.675320008,0.994589822,0.678584144,0.665928043,0.516496388,0.847981964,0.674328009,0.94761723,0.576196443,0.506719033,0.763712897,0.505022176,0.491733928,0.819035342,0.725666146,0.530192761,0.542112657,0.620740861,0.645812568,0.712605633,0.921619405,1.145146838,0.670597222,0.501533741,0.478510252,0.709978377,0.443975819,0.510660235,0.693958197,0.66525801,0.717136571,0.589996228,0.435662275,0.565020818,0.53223188,0.569896096,0.542920247,0.529561905,0.551084298,0.630169737,0.605624799,0.736315767,0.646402141,0.58131812,0.90968673,0.907012082,0.952663366,0.795287115,1.268975774,0.551098631,0.615386555,0.719026774,0.665500043,0.543382514,0.642491839,0.594963296,0.592739649,0.632845635,0.597172379,1.183615246,0.67882258,0.794814349,0.594807518,0.655011416
Nuclei_Orientation,0.003654261,0.002940182,0.002494461,0.002965229,0.002902214,0.002631847,0.002315634,0.00244745,0.002809944,0.003602155,0.002791292,0.0024869,0.002325101,0.001671211,0.00249898,0.002386538,0.002024878,0.003407756,0.003119685,0.00194999,0.001925808,0.002492426,0.004564648,0.002708029,0.002766048,0.005086989,0.004660036,0.002797511,0.003710197,0.002709331,0.002623977,0.003331273,0.001634152,0.002577021,0.003896215,0.003539841,0.002219153,0.002352503,0.003238882,0.00322303,0.003762983,0.003355111,0.004607991,0.003278575,0.002033811,0.002637597,0.003123267,0.002506683,0.002211864,0.002641711,0.003568176,0.003692894,0.002759753,0.002301579,0.002265675,0.002718894,0.002929057,0.002398734,0.002026128,0.003034911,0.00326062,0.002817429,0.003559438,0.002916882,0.002770104,0.003806416,0.003841692,0.005113957,0.004125065,0.006067059,0.002607495,0.002465794,0.004023971,0.002714989,0.003074698,0.003485572,0.002447828,0.002572389,0.003575525,0.002385668,0.006711354,0.00312352,0.00368914,0.002529522,0.003341105
Nuclei_Perimeter,0.825738225,0.831343365,0.85049533,0.841385563,0.846396247,0.851838507,0.880128973,0.852592559,0.856366152,0.839807663,0.852816687,0.85973796,0.858565909,0.862568325,0.854469774,0.855916362,0.858796703,0.853499102,0.853736305,0.845630291,0.839062673,0.863859376,0.827300636,0.833393296,0.862940982,0.831242415,0.84886254,0.843515456,0.843411126,0.852025394,0.837176469,0.840662208,0.851207446,0.849853924,0.834565738,0.852305561,0.871865228,0.842407829,0.846867429,0.874987965,0.826414405,0.859739607,0.848219248,0.807275559,0.843802498,0.849708547,0.850108809,0.857939152,0.8303663,0.860996903,0.845024919,0.827176612,0.852587122,0.856492394,0.839915673,0.828442612,0.847642692,0.864551186,0.84954234,0.863502459,0.833033065,0.834027677,0.850003208,0.839691351,0.845567619,0.841364998,0.860353538,0.849771007,0.861908497,0.846575795,0.837147785,0.855453936,0.866199987,0.853183942,0.863717734,0.830869934,0.857134875,0.86545072,0.84490077,0.848428055,0.832819211,0.859766575,0.866761532,0.857780568,0.879665688
Nuclei_Solidity,20.5731791,16.2032191,15.79706204,17.63422678,16.97138065,14.95174059,12.53686472,13.99222933,14.95670773,18.5825471,17.29526228,15.19949064,14.5932831,13.60888584,15.16635833,15.45784974,14.86566895,16.71376664,14.8948847,14.84910215,16.19604762,18.54930303,22.36512056,16.40130926,16.15093189,12.0048728,15.84671661,15.60594716,18.79077673,15.30731695,15.60495146,19.26828945,11.23166928,13.51659422,21.21210218,18.58134752,13.74423692,14.37846743,17.91593274,14.06250633,18.33842085,18.83888683,18.14627609,19.27143234,13.71582017,17.82240468,17.26012505,12.98494098,18.47637661,15.21589087,17.92699759,22.15645237,14.53027258,15.33385862,15.23418446,18.75410994,17.37512894,16.13217684,14.47210987,10.72790034,14.9147217,16.63181685,19.31716488,16.17844495,15.50229849,18.70738101,17.30767703,16.80320555,15.91986933,20.6287245,15.81259956,16.78858774,13.67804103,13.85261457,16.52487645,17.69506968,13.71349653,14.44049494,19.39154653,17.20678177,29.15831582,13.19091355,16.20186339,17.06058899,12.81054901
Nuclei_Eccentricity,548.6929215,512.5292864,632.0706408,553.588664,554.4517285,570.3896935,577.1840094,586.794764,523.8492305,539.6161329,580.5559167,603.0003499,564.5197362,651.8082438,577.0693711,587.6804353,638.8535005,553.1762614,547.634063,624.5805271,630.3650948,701.9994854,541.0865935,595.5947435,606.705632,507.5934511,481.1336109,528.2330894,557.9300391,596.7285506,557.8576396,595.0996656,561.6361179,510.8866815,550.6711262,549.8499272,592.3064004,538.9421427,543.4634955,534.6547618,506.3963964,634.7063195,569.8611628,527.1537887,564.1975148,613.5546626,593.2378526,625.4258003,661.0248926,576.2863695,541.3378551,586.7764747,579.7239162,567.1321979,550.3707849,582.9166035,596.5702034,634.5830743,589.7733489,539.9442395,518.6025092,579.5022165,603.4367554,585.2073382,562.7980689,578.0701434,622.3841955,534.9957095,521.8436297,476.3739505,534.2694803,594.8005161,560.8748708,543.8895037,565.6934338,499.2559524,550.5588542,593.262273,604.4993613,596.1383026,540.8464451,528.8763659,573.224381,626.0549507,505.0931477
Nuclei_EquivDiameter,264.1504933,242.674732,274.1818085,253.1188889,242.8633416,246.5261982,219.9437816,250.1231155,222.7800428,251.4391039,256.6270699,251.1444416,237.3377131,267.4331404,243.2972649,255.3453212,272.1506693,222.2017668,239.8844777,277.8680132,289.9494922,286.0422804,261.6740627,278.1942482,244.1204861,216.3111709,213.3942879,241.1187262,253.9160073,256.1758287,258.7990425,267.2892121,248.2701377,223.766993,260.687011,239.2398128,234.3981051,244.2537828,242.3505802,202.883216,246.0140994,273.8295491,250.4745036,272.4248229,251.5819094,274.3457922,256.0372441,260.4644897,313.2072476,239.3672807,245.7115953,277.4687491,251.7792436,247.4750578,255.3038102,277.9203419,261.4392287,258.9462308,263.650811,221.7941998,233.7992876,271.0999349,268.3076974,264.4082005,257.0133855,259.7898922,254.0005599,235.3693788,217.6722278,216.4825873,246.3564269,260.4571986,231.7856746,237.8996271,227.2792499,235.4746104,239.3033008,242.2329463,262.4273228,264.3946117,259.8045029,221.4065103,230.9126723,260.7155375,190.9838439
Nuclei_MajorAxisLength,20.5731791,16.2032191,15.79706204,17.63422678,16.97138065,14.95174059,12.53686472,13.99222933,14.95670773,18.5825471,17.29526228,15.19949064,14.5932831,13.60888584,15.16635833,15.45784974,14.86566895,16.71376664,14.8948847,14.84910215,16.19604762,18.54930303,22.36512056,16.40130926,16.15093189,12.0048728,15.84671661,15.60594716,18.79077673,15.30731695,15.60495146,19.26828945,11.23166928,13.51659422,21.21210218,18.58134752,13.74423692,14.37846743,17.91593274,14.06250633,18.33842085,18.83888683,18.14627609,19.27143234,13.71582017,17.82240468,17.26012505,12.98494098,18.47637661,15.21589087,17.92699759,22.15645237,14.53027258,15.33385862,15.23418446,18.75410994,17.37512894,16.13217684,14.47210987,10.72790034,14.9147217,16.63181685,19.31716488,16.17844495,15.50229849,18.70738101,17.30767703,16.80320555,15.91986933,20.6287245,15.81259956,16.78858774,13.67804103,13.85261457,16.52487645,17.69506968,13.71349653,14.44049494,19.39154653,17.20678177,29.15831582,13.19091355,16.20186339,17.06058899,12.81054901
Nuclei_MinorAxisLength,410.0103484,243.0644559,243.1907713,292.7364528,271.9370318,214.8974077,144.6569531,185.1874344,205.6175891,342.3835684,289.2890505,222.7780889,210.2703405,166.6586562,226.9033535,235.6207968,206.7737598,274.6623135,225.743033,209.5341934,240.7708307,328.5680835,483.3255629,260.7261337,249.6207034,176.6102565,255.5563343,224.8666534,336.7920629,226.9031834,248.8109172,360.3519002,115.7368357,171.3947732,426.3531782,336.1673467,182.8985509,191.3685081,312.183748,198.3845016,329.6897498,344.0914913,324.8268445,347.235003,175.8729578,302.3845362,283.5347507,165.1222923,326.7418721,214.6003875,327.5646384,472.1551908,212.5184716,213.5792671,211.3807958,322.2273037,313.515329,254.6107816,193.2917736,109.3609511,236.5778876,287.8987072,365.5992457,255.4183191,234.2669171,338.2576668,303.2446496,288.1338669,246.6282366,411.1811427,229.1490825,256.4998069,198.8187256,178.4684029,260.8827318,289.8547881,177.0719449,196.6417252,391.4067434,275.0368006,822.1775296,170.8847941,258.4190695,265.4274705,153.3850403
Nuclei_Area,1.015852518,1.014713328,1.012683814,1.014408664,1.015506508,1.01415192,1.013725992,1.01511178,1.010161346,1.012054298,1.015051056,1.011893834,1.00969724,1.009261992,1.010764805,1.021920351,1.015952291,1.015133882,1.022226636,1.012947067,1.0123649,1.011875285,1.021507352,1.011748024,1.015471659,1.011976258,1.037470875,1.016303318,1.013882982,1.017014206,1.021634044,1.017630292,1.009562441,1.017001224,1.01589179,1.012136344,1.014044123,1.01035544,1.014477098,1.011941013,1.025421872,1.020404219,1.020614749,1.017460891,1.008997544,1.010739048,1.012343955,1.008845106,1.013247058,1.011665207,1.01897778,1.013393402,1.009276845,1.013401002,1.014323217,1.015072191,1.013702592,1.011668885,1.009630672,1.010854523,1.018852903,1.015354453,1.016957051,1.01384611,1.013907128,1.021929406,1.025293629,1.026291128,1.024513952,1.025981137,1.01582889,1.014830837,1.019647289,1.01173084,1.023465874,1.016653649,1.015768077,1.011711798,1.018985864,1.015184095,1.017424778,1.023867201,1.01468761,1.012155929,1.014492503
 Autocorrelation,0.001897694,0.002067044,0.001889601,0.001963139,0.002206165,0.002057354,0.002357065,0.002252255,0.0016003,0.001696983,0.001840858,0.001827534,0.001505764,0.001652507,0.001621878,0.003018017,0.002375279,0.002072319,0.002757249,0.002150051,0.001950765,0.001748971,0.002271438,0.001608767,0.002018217,0.001978012,0.004503215,0.002347112,0.001600073,0.002480333,0.003118642,0.0022336,0.001729865,0.002774342,0.001812449,0.001419208,0.002255434,0.001734958,0.002060631,0.001703186,0.003485915,0.002191078,0.001983118,0.002502936,0.001675128,0.001663956,0.001513313,0.001653744,0.002174913,0.001649046,0.002470658,0.001689723,0.001549758,0.002400867,0.002137289,0.002331154,0.001876033,0.001734693,0.001583275,0.001632699,0.002245633,0.00204502,0.002105423,0.001783922,0.002171013,0.002446468,0.002609437,0.002811832,0.002892745,0.002372303,0.002467624,0.002128503,0.002117605,0.001669077,0.003134789,0.002330421,0.002082292,0.00159835,0.002550152,0.002086762,0.001705354,0.003259661,0.001935048,0.001943533,0.002111629
 Contrast,0.868693336,0.866334271,0.857447411,0.864547791,0.857850531,0.863047911,0.849996533,0.864195086,0.836252285,0.835656572,0.876664513,0.850188289,0.831716689,0.834449212,0.846125445,0.872914949,0.871182755,0.855992445,0.887044302,0.847079364,0.854240246,0.854212864,0.893878756,0.863798912,0.876881252,NaN,0.902724749,0.863202884,0.876963959,0.870950528,0.872761414,0.876271712,0.842605509,0.855002503,0.876550482,0.871663067,0.845841896,0.834852645,0.852690122,0.848946346,0.876312796,0.89553717,0.910619497,0.864195483,0.815711955,0.836312561,0.872203796,0.830305089,0.842705222,0.867114733,0.87792848,0.857521015,0.831047024,0.830677745,0.854933344,0.848270047,0.850116239,0.848957703,0.842211813,0.86953996,0.87613784,0.86984805,0.881351939,0.870406848,0.855816239,0.895823691,0.902124051,0.903625139,0.893505609,NaN,0.855852321,0.867596452,0.891118609,0.86384259,0.876037554,0.865642323,0.877764651,0.861993397,0.866717502,0.866772073,0.876438852,0.884571257,0.873861379,0.844083828,0.862366492
 Correlation,0.868693336,0.866334271,0.857447411,0.864547791,0.857850531,0.863047911,0.849996533,0.864195086,0.836252285,0.835656572,0.876664513,0.850188289,0.831716689,0.834449212,0.846125445,0.872914949,0.871182755,0.855992445,0.887044302,0.847079364,0.854240246,0.854212864,0.893878756,0.863798912,0.876881252,NaN,0.902724749,0.863202884,0.876963959,0.870950528,0.872761414,0.876271712,0.842605509,0.855002503,0.876550482,0.871663067,0.845841896,0.834852645,0.852690122,0.848946346,0.876312796,0.89553717,0.910619497,0.864195483,0.815711955,0.836312561,0.872203796,0.830305089,0.842705222,0.867114733,0.87792848,0.857521015,0.831047024,0.830677745,0.854933344,0.848270047,0.850116239,0.848957703,0.842211813,0.86953996,0.87613784,0.86984805,0.881351939,0.870406848,0.855816239,0.895823691,0.902124051,0.903625139,0.893505609,NaN,0.855852321,0.867596452,0.891118609,0.86384259,0.876037554,0.865642323,0.877764651,0.861993397,0.866717502,0.866772073,0.876438852,0.884571257,0.873861379,0.844083828,0.862366492
 Cluster Prominence,0.104856827,0.123485648,0.120831029,0.112294997,0.123138941,0.145743098,0.178078074,0.17272982,0.069126265,0.068794763,0.130932562,0.104828238,0.069012372,0.083799733,0.085842035,0.291877265,0.184011621,0.114455272,0.279045617,0.127350864,0.108915665,0.0924075,0.164151781,0.096070869,0.156683195,0.123337245,0.60806713,0.154084374,0.093908445,0.190055755,0.26050296,0.144046735,0.100122066,0.181040282,0.100817893,0.076639685,0.141125293,0.079768744,0.11532512,0.096363936,0.273530407,0.223623169,0.220860391,0.140374799,0.067390517,0.067543289,0.090898035,0.085492652,0.1049937,0.095235304,0.171137018,0.077562404,0.07162708,0.110650088,0.127461235,0.113601521,0.101007107,0.096786333,0.074266973,0.142024232,0.200010721,0.143114283,0.150472119,0.123783785,0.135744984,0.231933261,0.332494848,0.335768154,0.296723859,0.232975199,0.145437771,0.135591917,0.283162481,0.10878718,0.280000207,0.129131357,0.194366685,0.105286884,0.162541747,0.140266824,0.088235412,0.377885239,0.144341871,0.092967743,0.157875457
 Cluster Shade,0.001091125,0.001016551,0.000859153,0.001013393,0.001132539,0.000938804,0.000941397,0.000947332,0.000909298,0.001051679,0.000894425,0.000862265,0.000816946,0.000788355,0.000832899,0.00119461,0.00098477,0.001075968,0.001076671,0.000938833,0.000941103,0.0008829,0.001163116,0.000794256,0.000900549,0.000865224,0.001460357,0.001076035,0.00086337,0.001030863,0.001244679,0.001085427,0.000737026,0.001187263,0.001063346,0.000843109,0.00099072,0.000906937,0.001080853,0.000854705,0.001468882,0.000926346,0.000842088,0.001231037,0.000870725,0.000968352,0.000800824,0.000766305,0.001080604,0.000807486,0.0011513,0.001032479,0.000799183,0.001197468,0.001032871,0.0012332,0.000998332,0.000880982,0.000809942,0.000627399,0.000961718,0.000934025,0.001008084,0.000845279,0.000992885,0.001045395,0.000965138,0.001077431,0.001134146,0.001107564,0.00115641,0.000982613,0.000784837,0.000767977,0.001302025,0.001185095,0.000837245,0.000769247,0.001214903,0.000983268,0.001103679,0.001099702,0.000863185,0.001001475,0.000921238
 Dissimilarity,0.993692334,0.995407335,0.996315341,0.995015399,0.994645498,0.996208896,0.996707902,0.996408003,0.995728618,0.994345231,0.995279891,0.996383186,0.996132948,0.996918167,0.996070872,0.995516161,0.99633771,0.994522781,0.99567319,0.996335167,0.996197393,0.995852167,0.99296655,0.996096985,0.99585363,0.996827342,0.994651443,0.995402635,0.994598704,0.996158109,0.995613496,0.994434275,0.997536651,0.995849854,0.993518013,0.994740703,0.996295541,0.996048937,0.994641344,0.995834604,0.994158249,0.995278457,0.995262482,0.994358323,0.996565989,0.995370101,0.995629333,0.997291203,0.995622792,0.99631483,0.994680305,0.993930557,0.996469295,0.995490402,0.995541493,0.994540982,0.995020406,0.996013829,0.996483056,0.997687032,0.995612057,0.995647,0.994973008,0.995795207,0.995913045,0.994858531,0.995409547,0.995091316,0.995145523,0.992871711,0.995297873,0.995753099,0.996387119,0.996480354,0.994782271,0.994337894,0.996530571,0.996322181,0.994397289,0.995536254,0.991380703,0.996252743,0.995971157,0.995704929,0.996120747
 Energy,0.025835165,0.020222419,0.016640553,0.021541002,0.02308446,0.017059235,0.015527484,0.016619178,0.01879732,0.023380279,0.020401449,0.016297177,0.017041588,0.014522923,0.017415933,0.020217545,0.016909135,0.023082795,0.019143492,0.016781566,0.017311758,0.018293415,0.028375572,0.017256837,0.018510175,0.014159824,0.022886792,0.020408037,0.022465684,0.017361392,0.019387074,0.023580011,0.011843844,0.018735832,0.026407745,0.021895333,0.016850019,0.017766011,0.022905376,0.018061104,0.024735838,0.020409773,0.020213034,0.023981067,0.015652532,0.020098029,0.018831692,0.012804639,0.019393725,0.016341321,0.022611652,0.024842392,0.015710434,0.02026974,0.019931743,0.023694968,0.020990441,0.017775537,0.016039669,0.011147842,0.018809951,0.01900407,0.021619266,0.018440202,0.018243942,0.022033941,0.019783202,0.021024969,0.020892848,0.028691995,0.020967628,0.018965663,0.016125655,0.015973783,0.022968878,0.024178398,0.015906949,0.016588754,0.023605085,0.019786277,0.032611682,0.017121548,0.017801819,0.019101402,0.01759317
 Entropy,0.999576839,0.999634419,0.999703373,0.9996258,0.999581177,0.99967563,0.999690628,0.999684663,0.999645847,0.999575826,0.999678712,0.999696342,0.999688193,0.999717067,0.99968973,0.999609777,0.999674581,0.999600418,0.999660909,0.999682115,0.999664805,0.99967871,0.999577974,0.999714241,0.999690147,0.999707615,0.999592252,0.999627629,0.999676552,0.999665795,0.999605701,0.999613422,0.999756362,0.999606035,0.999585423,0.999664643,0.999666734,0.999659978,0.999592843,0.999687683,0.99952379,0.999693866,0.999720286,0.999561933,0.999677784,0.999620456,0.999702451,0.999730929,0.999611487,0.99971433,0.999599355,0.999588472,0.999705717,0.999564582,0.999630018,0.999539227,0.999625114,0.99967527,0.999701741,0.999801107,0.999681042,0.999676307,0.999643841,0.999700664,0.999655831,0.999654358,0.99970694,0.999667648,0.999646768,0.999613747,0.999594033,0.999659357,0.999752939,0.999732226,0.999567927,0.999567349,0.9997268,0.999723774,0.99957287,0.999654287,0.999546996,0.999682445,0.999706257,0.99963262,0.99968698
 Homogeneity,0.999535036,0.999596751,0.999672271,0.999588068,0.999540929,0.999640518,0.999660368,0.999652574,0.999614299,0.999538687,0.999646419,0.999664944,0.99966009,0.999690889,0.999661613,0.999573052,0.999641542,0.999561376,0.999623624,0.999649379,0.999630018,0.9996449,0.999529264,0.99968391,0.99965902,0.999676537,0.999545677,0.999588475,0.99964195,0.999627628,0.999560796,0.999571984,0.99972946,0.99956278,0.999543228,0.999636004,0.999630249,0.999628773,0.999556747,0.999657042,0.99946712,0.999660809,0.999691237,0.999511655,0.999644936,0.999585359,0.999670786,0.99970385,0.999569093,0.999680364,0.999555886,0.999549485,0.999674764,0.999521341,0.999593712,0.999493097,0.999588517,0.999644517,0.999672116,0.999780571,0.999646352,0.999642427,0.99960479,0.999670921,0.999618105,0.999616472,0.999673648,0.999628966,0.999605057,0.999572514,0.999551857,0.999623246,0.999729289,0.999704805,0.999524997,0.999521767,0.999699345,0.999697751,0.999525656,0.999618282,0.999508328,0.999646771,0.999673773,0.999593435,0.999654637
 Maximum probability,0.996837679,0.997699733,0.99815489,0.997502861,0.997317068,0.998101635,0.998351837,0.998201526,0.997860751,0.997165527,0.997635257,0.998188887,0.998062959,0.998457389,0.99803197,0.997753644,0.998166361,0.997254462,0.997832648,0.998164983,0.998096123,0.997922699,0.996473071,0.998045313,0.997923398,0.998410502,0.997319896,0.997697361,0.997293341,0.998076302,0.997802818,0.997210985,0.998767158,0.997921627,0.996750732,0.99736413,0.998145055,0.998021469,0.997314461,0.99791276,0.997072476,0.99763435,0.99762603,0.997173426,0.998280708,0.997681014,0.997810599,0.998644053,0.997807955,0.998154759,0.997334113,0.996957795,0.998231847,0.997741623,0.997767043,0.997265214,0.997503703,0.998003636,0.998239251,0.998842386,0.997801055,0.997819167,0.997481504,0.99789364,0.997953207,0.997423852,0.997700014,0.997540732,0.997567882,0.996425029,0.997645074,0.997873312,0.998189902,0.998237744,0.997385657,0.997163135,0.998262755,0.998158218,0.997191842,0.997764238,0.995673422,0.998123429,0.997982049,0.997849148,0.998057359
 Sum of sqaures,0.985655186,0.984619584,0.982520524,0.984262296,0.985471565,0.984064786,0.983795658,0.985118691,0.979864075,0.981784438,0.984842,0.98170403,0.97935796,0.979005244,0.980476882,0.992265645,0.986014469,0.985032785,0.992439547,0.98291256,0.982231902,0.981642853,0.99145662,0.981448219,0.985354197,0.981863325,1.008479141,0.986340781,0.983555275,0.987120531,0.992031896,0.987594965,0.979347347,0.987252169,0.985650096,0.981730217,0.98405467,0.980126975,0.984376858,0.981685471,0.99596694,0.990342114,0.99044704,0.987560303,0.97875023,0.980467374,0.981988773,0.97859392,0.983216635,0.981386983,0.989054142,0.983108668,0.978964082,0.983481714,0.984267518,0.985101575,0.983516072,0.981432008,0.979332631,0.980586108,0.988829316,0.985247926,0.986866455,0.983619408,0.983874325,0.991982205,0.995416694,0.996507614,0.994778832,0.995954,0.985927114,0.984769971,0.989566933,0.981463965,0.993855063,0.986671797,0.985688699,0.981408741,0.989099971,0.985100079,0.98710648,0.994333898,0.984533649,0.982017363,0.984430031
 Sum average,2.009011013,2.007796338,2.006518992,2.007846781,2.008425706,2.007077265,2.006475958,2.007259207,2.005854408,2.00721179,2.007895184,2.006245595,2.005504443,2.004937914,2.005911585,2.009932595,2.007610475,2.008342583,2.010074889,2.006610041,2.006511194,2.006498371,2.011559443,2.006311273,2.007722455,2.00600418,2.015217619,2.008330796,2.007836221,2.008138848,2.010007084,2.009369863,2.00477062,2.00834662,2.009109907,2.007037728,2.007049313,2.005781511,2.007949027,2.006488513,2.012248071,2.009736472,2.009845944,2.009377122,2.005069331,2.006281092,2.006783152,2.004618462,2.007191911,2.006225528,2.009743457,2.007932512,2.005182672,2.007271613,2.007520009,2.008344206,2.007586679,2.006291963,2.005336726,2.004993579,2.009088219,2.007861948,2.008800714,2.00720454,2.007158398,2.01057016,2.011171112,2.011751263,2.011212814,2.013173473,2.008225557,2.007644505,2.008540397,2.006082295,2.011002748,2.009061199,2.007333787,2.006129398,2.009925555,2.007826948,2.010583603,2.009962594,2.007411593,2.006698242,2.007164491
 Sum variance,3.967410699,3.984011435,3.989143533,3.97785246,3.976727281,3.993723393,3.998370126,3.999285811,3.97128337,3.961745219,3.984103157,3.987394449,3.975839321,3.983675823,3.978610179,4.013550282,4.001677902,3.975066219,4.017922545,3.990098437,3.985761729,3.979886972,3.980067334,3.982939395,3.993095395,3.996099219,4.065761348,3.989709177,3.971634689,4.003895282,4.015158159,3.982818889,3.994887197,3.999380137,3.96526379,3.966665884,3.994143696,3.976015064,3.973091694,3.980844605,4.009869638,4.005012068,4.006114486,3.981347945,3.97875721,3.968891748,3.979237545,3.988605604,3.98184046,3.98606234,3.991965843,3.961300829,3.979336344,3.979665773,3.983649942,3.973261902,3.977224435,3.980920311,3.979436875,4.002353678,4.005154602,3.990867112,3.987467441,3.986621306,3.988531444,4.005027564,4.027027901,4.026353831,4.020011194,3.995502025,3.986213178,3.989001099,4.018513682,3.987595472,4.009219221,3.97732949,4.004244954,3.985060031,3.988608453,3.987354126,3.947314527,4.032975793,3.992613814,3.978421039,3.99307885
 Sum entropy,0.02451918,0.019245845,0.015883178,0.020463204,0.021906429,0.016244141,0.01472739,0.015858383,0.01777069,0.022091824,0.019505615,0.015515207,0.016139851,0.0137709,0.016541766,0.019278271,0.016129351,0.021920782,0.018421215,0.015972593,0.01642704,0.017361936,0.027086371,0.016433285,0.017712824,0.0134535,0.022095613,0.019476491,0.021408986,0.016661051,0.018613016,0.022506339,0.011278466,0.017854308,0.02507552,0.020867106,0.016078735,0.016809965,0.021756934,0.017179325,0.023816048,0.019694776,0.01957687,0.022773194,0.014746622,0.018965429,0.017935305,0.01211797,0.018349672,0.015575081,0.021615403,0.023540191,0.014851385,0.019107699,0.018965035,0.022372689,0.019895241,0.016893167,0.015186217,0.010676187,0.018119786,0.018160872,0.020632896,0.017653167,0.017330664,0.021281412,0.019165435,0.020383113,0.020216913,0.027705368,0.019910318,0.018125912,0.015534099,0.015262303,0.021939214,0.022933164,0.015227907,0.015862805,0.022486696,0.018882426,0.031108329,0.016416032,0.017028198,0.018058909,0.016760857
 Difference variance,0.001897694,0.002067044,0.001889601,0.001963139,0.002206165,0.002057354,0.002357065,0.002252255,0.0016003,0.001696983,0.001840858,0.001827534,0.001505764,0.001652507,0.001621878,0.003018017,0.002375279,0.002072319,0.002757249,0.002150051,0.001950765,0.001748971,0.002271438,0.001608767,0.002018217,0.001978012,0.004503215,0.002347112,0.001600073,0.002480333,0.003118642,0.0022336,0.001729865,0.002774342,0.001812449,0.001419208,0.002255434,0.001734958,0.002060631,0.001703186,0.003485915,0.002191078,0.001983118,0.002502936,0.001675128,0.001663956,0.001513313,0.001653744,0.002174913,0.001649046,0.002470658,0.001689723,0.001549758,0.002400867,0.002137289,0.002331154,0.001876033,0.001734693,0.001583275,0.001632699,0.002245633,0.00204502,0.002105423,0.001783922,0.002171013,0.002446468,0.002609437,0.002811832,0.002892745,0.002372303,0.002467624,0.002128503,0.002117605,0.001669077,0.003134789,0.002330421,0.002082292,0.00159835,0.002550152,0.002086762,0.001705354,0.003259661,0.001935048,0.001943533,0.002111629
 Difference entropy,0.006568223,0.005762433,0.004703908,0.005893124,0.00654293,0.005079926,0.004901876,0.004966098,0.005674863,0.006629461,0.005109105,0.004821431,0.005030161,0.0046169,0.004996355,0.005985721,0.005104374,0.006215293,0.005162926,0.005009996,0.005320978,0.005103397,0.006457624,0.004584025,0.004916941,0.004461412,0.005877162,0.005797973,0.005144964,0.005125733,0.005874083,0.006014483,0.003894189,0.006001918,0.00644634,0.005380441,0.005177978,0.005461184,0.00638393,0.00496361,0.006931035,0.004777462,0.004364407,0.006689011,0.005150748,0.0060449,0.004771015,0.004322213,0.006070102,0.004519136,0.006127195,0.006436439,0.004694982,0.006765227,0.005830001,0.007144054,0.005832629,0.005188666,0.004837995,0.003224455,0.004852454,0.005088506,0.005568065,0.00475925,0.005390738,0.005294771,0.00449492,0.005000528,0.005273062,0.005946864,0.0063114,0.00534448,0.003897985,0.004334217,0.006555695,0.006709304,0.00433937,0.004480079,0.006509785,0.005435588,0.007023215,0.004816389,0.00463884,0.005797351,0.004950927
 Information measure of correlation1,-0.82225757,-0.824048506,-0.823410063,-0.823720924,-0.815420075,-0.813766966,-0.800903825,-0.814626592,-0.787720829,-0.787691099,-0.832498623,-0.81695113,-0.796897996,-0.798240008,-0.807857599,-0.815381344,-0.820645466,-0.821289688,-0.827809741,-0.817392872,-0.81240121,-0.822261219,-0.852500227,-0.828558516,-0.837371152,-0.796305472,-0.835581378,-0.819713325,-0.849248793,-0.815725425,-0.808665913,-0.841415016,-0.803593155,-0.800586447,-0.831268412,-0.830334528,-0.805176947,-0.795578149,-0.805505107,-0.821448195,-0.825470083,-0.853085464,-0.872448469,-0.823654902,-0.780758386,-0.795188386,-0.830247555,-0.789639595,-0.802465933,-0.827304254,-0.834818798,-0.819007301,-0.793432029,-0.788481637,-0.810098825,-0.798406698,-0.812362122,-0.80511172,-0.809775364,-0.828399854,-0.832698199,-0.831631786,-0.83892101,-0.840156702,-0.813730648,-0.852543391,-0.848505735,-0.849233351,-0.838595395,-0.867252183,-0.813306629,-0.830175924,-0.84086613,-0.836694532,-0.819515839,-0.825131185,-0.8332057,-0.825365608,-0.822489819,-0.823097096,-0.849230348,-0.819962729,-0.833371768,-0.800678627,-0.822895458
 Informaiton measure of correlation2,0.183090573,0.16437965,0.146136376,0.16824421,0.172533168,0.147602632,0.138846587,0.146086068,0.151982942,0.167529263,0.164734369,0.144229593,0.14323583,0.135695733,0.146895389,0.159206212,0.148678321,0.170459871,0.157647231,0.147156205,0.150462272,0.154495701,0.198056413,0.15028833,0.157106612,0.121061781,0.173188524,0.164157463,0.176221503,0.150643537,0.155783299,0.17913249,0.122424037,0.153524114,0.188552212,0.168568462,0.145974606,0.148782389,0.168311685,0.149865397,0.17967687,0.167732649,0.166539308,0.179581324,0.137636055,0.159403465,0.157605349,0.122888855,0.158047502,0.147868678,0.17145983,0.180600568,0.137809691,0.159153588,0.160512764,0.17378688,0.158051935,0.149296748,0.144284767,0.119323505,0.150727501,0.156754906,0.170888556,0.155484216,0.153026513,0.174435197,0.164356487,0.169807391,0.167625908,0.20209109,0.166106735,0.160480384,0.140049923,0.146812956,0.171680533,0.180322622,0.144501463,0.147083012,0.173409192,0.161335901,0.21082244,0.148168889,0.152408694,0.156584534,0.150948073
 Inverse difference normalized (INN),0.999887433,0.999897937,0.999915022,0.999897324,0.999885325,0.999907072,0.999909094,0.999907717,0.999906286,0.999890174,0.999910344,0.999914099,0.999916435,0.999921185,0.999915592,0.999884923,0.999904355,0.999890843,0.999896958,0.999907876,0.999905846,0.999910932,0.999882469,0.9999202,0.999911196,0.999915088,0.999866479,0.999893431,0.999911902,0.999900063,0.999880395,0.999891298,0.999928129,0.999884098,0.999889986,0.999912483,0.999902774,0.999907823,0.999890047,0.999913812,0.99985731,0.999909772,0.999917892,0.999876513,0.999911681,0.99989986,0.99991855,0.999923857,0.999891349,0.999919091,0.999885641,0.999892466,0.999919048,0.999879411,0.99989659,0.999874517,0.999898291,0.999910949,0.999918057,0.999940046,0.999906122,0.999907515,0.999899317,0.9999157,0.999901629,0.999898025,0.999908814,0.999897431,0.999891528,0.999889938,0.999884935,0.999902575,0.999925491,0.99992383,0.99987345,0.999880293,0.999919166,0.999923008,0.999878815,0.999902079,0.999884019,0.9998983,0.999914974,0.999898619,0.999909559
 Inverse difference moment normalized,0.999972241,0.999970537,0.999973486,0.999971823,0.999968411,0.99997114,0.999968365,0.999969018,0.999976739,0.999974934,0.999973912,0.999974157,0.999978296,0.999976743,0.999976875,0.999959445,0.999967445,0.999970263,0.999962462,0.999970104,0.999972305,0.999974962,0.999967268,0.999977063,0.999971889,0.999972467,0.999941602,0.999966947,0.999976795,0.999965608,0.99995716,0.999968193,0.999975945,0.999961418,0.999973352,0.999979227,0.999968433,0.999975152,0.999970514,0.999975715,0.999951307,0.999969652,0.999972509,0.999964192,0.999975917,0.999975664,0.999978135,0.999976817,0.999968888,0.999976399,0.999965064,0.999975032,0.99997777,0.999965759,0.999969691,0.999966395,0.999972953,0.999975236,0.999977328,0.999978088,0.999968721,0.999971313,0.99997013,0.999974777,0.999969634,0.999965901,0.999964907,0.999961738,0.999960307,0.999966446,0.999965175,0.999969945,0.999972064,0.999976574,0.99995708,0.999966585,0.999971758,0.999977401,0.999963789,0.999970485,0.999974621,0.999957476,0.999972931,0.999972045,0.999970759
